"class_id","class_desc"
350,URBAN RENEWAL VACANT LAND
877,ELEC PWR OTHR
215,SINGLE FAMILY W/ APARTMENT
552,GOLF COURSES
823,WATER TREAT
642,ALL OTHER HEALTH FACILITIES
474,BILLBOARDS
556,SKATING - OUTDOOR RINK
883,GAS TRANS IMPR
423,"SNACK BARS,DRIVE-INS,ICE CREAM BARS"
283,RESIDENCE WITH COMMERCIAL USE
331,COM VAC W/IMP
455,DEALERSHIPS - SALES AND SERVICE
851,SOLID WASTES
845,WATER TRANS
833,RADIO
840,TRANSPORTATN
885,GAS OUTSIDE PLANT
463,BANK COMPLEX WITH OFFICE SPACE
732,OIL - FORCED
437,PARKING GARAGE
971,WETLANDS - WILD OR CONSERVATION LANDS
447,TRUCKING TERMINALS
963,CITY/TOWN/VILLAGE PUBLIC PARKS
835,COMMUNITY ANTENNA TELEVISION
471,FUNERAL HOMES
610,EDUCATION
422,DINERS OR LUNCHEONETTES
960,PUBLIC PARK
841,MOTOR VEHICLE
486,ONE STORY SMALL STRUCTURE
230,THREE FAMILY DWELLING
542,SKATING
612,SCHOOL
472,"DOG KENNELS, VETERINARY CLINICS"
873,GAS MEAS STATION
515,"RADIO, TV, & MOTION PICTURES"
611,LIBRARY
421,RESTAURANTS
411,APARTMENT
414,HOTEL
682,RECREATIONAL FACILITIES
962,COUNTY OWNED PUBLIC PARKS
436,SELF-SERVICE CAR WASH
431,AUTO DEALERS
541,BOWLING
884,ELEC DIST OUT
661,"ARMY,MARINE & COAST GUARD INSTALLATIONS"
521,"STADIUMS,ARENAS,ARMORY & FIELD HOUSES"
544,HEALTH SPA
651,GOVERNMENT HIGHWAY GARAGES
961,STATE PARK
837,CELL TOWER
570,MARINAS
555,RIDING STABLES
592,ATHLETIC FIELDS
446,COLD STORAGE FACILITIES
846,"BRIDGES,TUNNELS & SUBWAYS"
641,HOSPITALS
433,AUTO BODY AND TIRE SHOPS
600,COMMUNITY SERVICES
483,CONVERTED RESIDENCE
546,"TENNIS, ARCHERY, POOL, & BILLIARDS"
590,PARKS
822,WATER SUPPLY
714,LITE IND MANFTR
640,HEALTH
693,INDIAN RESERVATION
710,MANUFACTURING & PROCESSING
481,DOWNTOWN ROW TYPE (W/COMMON WALL)
869,TELEVISION - SPECIAL FRANCHISE
444,LUMBER YARDS AND SAWMILLS
464,OFFICE BUILDING
534,SOCIAL ORGANIZATIONS
836,COMMUNICATIONS
872,ELEC - SUBSTATION
866,TELEPHONE - SPECIAL FRANCHISE
690,MISCELLANEOUS
452,AREA OR NEIGHBORHOOD SHOPPING CENTERS
442,"BOTTLED GAS, NATURAL GAS FACILITIES"
415,MOTEL
650,GOVERNMENTAL CENTERS
543,YMCA OR YWCA
653,PARKING LOTS
632,BENEVOLENT AND MORAL ASSOCIATIONS
341,INDUSTRIAL VACANT LAND WITH IMPROVEMENTS
485,ONE STORY SMALL STRUCTURE MULTI-OCCUPANT
630,WELFARE
449,OTHER STORAGE & WAREHOUSE FACILITIES
615,ALL OTHER EDUCATIONAL FACILITIES
330,COMMERCIAL VACANT LAND
311,RESIDENTIAL VACANT LAND
340,INDUSTRIAL VACANT LAND
831,TELEPHONE
453,LARGE RETAIL OUTLET
465,PROFESSIONAL BUILDING
652,GOVERNMENTAL BUILDINGS
473,GREENHOUSES
843,NON-CEILING RAILROADS
426,FAST FOOD FACILITY
545,SWIMMING - INDOOR
670,CORRECTIONAL
842,CEILING RAILROAD
834,TELEVISION OTHER THAN COMMUNITY ANTENNA
695,CEMETERIES
620,RELIGIOUS
443,GRAIN AND FEED ELEVATORS
614,SPECIAL SCHOOLS AND INSTITUTIONS
281,MULTIPLE RESIDENCES
461,STANDARD BANK/SINGLE OCCUPANT
456,MEDIUM RETAIL
434,AUTOMATIC CAR WASH
554,SWIMMING - OUTDOOR POOL
435,MANUAL CAR WASH
613,COLLEGES AND UNIVERSITIES
681,CULTURAL FACILITIES
692,"ROADS,STREETS,HIGHWAYS & PARKWAYS"
430,MOTOR VEHICLE SERVICES
744,PETRO PIPELN
511,LEGITIMATE THEATER
484,ONE STORY SMALL STRUCTURE
441,"GASOLINE,FUEL, & OIL STORAGE FACILITY"
882,ELEC TRANS IMP
867,MISC FRANCHS
853,SEWAGE TREATMENT & WATER POLLUTION CNTRL
680,CULTURAL & RECREATIONAL FACILITIES
220,TWO FAMILY DWELLING
475,MISCELLANEOUS SERVICES
438,PARKING LOT
591,PLAYGROUNDS
462,DRIVE-IN BANK BRANCH
432,SERVICE AND GAS STATIONS
439,SMALL GARAGE
861,ELECTRIC & GAS
514,"AUDITORIUM,EXHIBITION OR EXPOSITION HALL"
482,DOWNTOWN ROW TYPE (DETACHED)
448,"PIERS, WHARVES, DOCKS"
457,SMALL RETAIL
425,BARS
633,HOME FOR AGED
694,ANIMAL WELFARE
662,POLICE AND FIRE PROTECTION FACILITIES
454,LARGE RETAIL FOOD STORES
512,MOTION PICTURE THEATER
210,ONE FAMILY DWELLING
424,NIGHT CLUBS
418,"INNS,LODGES,BOARDING AND ROOMING HOUSES"
312,RESIDENTIAL LAND WITH SMALL IMPROVEMENTS
967,Trailer Park
